pair_id,expect,title_a,year_a,type_a,title_b,year_b,type_b,shared_shape,why,status
N01,no_match,Finding Nemo,2003,movie,Taken,2008,movie,A father searches for his abducted child and gets him back,Animated family comedy-adventure vs violent revenge thriller (interview risk 1),seed
N02,no_match,Home Alone,1990,movie,Straw Dogs,1971,movie,Someone defends their home against intruders,Slapstick family comedy vs brutal adult thriller,proposed
N03,no_match,The Wizard of Oz,1939,movie,Apocalypse Now,1979,movie,A journey into a strange world and out again,Musical fantasy for children vs war horror,proposed
N04,no_match,Up,2009,movie,The Road,2009,movie,An old man or a father and a child travel toward a distant goal,Warm animated adventure vs bleak post-apocalyptic drama,proposed
N05,no_match,Ratatouille,2007,movie,Whiplash,2014,movie,An ambitious young artist rises under a harsh critic or teacher,Gentle family animation vs intense psychological drama,proposed
N06,no_match,How the Grinch Stole Christmas,2000,movie,Bad Santa,2003,movie,A bitter man is softened by a child at Christmas,Family film vs crude adult comedy,proposed
N07,no_match,The Lion King,1994,movie,Hamlet,1996,movie,A prince avenges his murdered father the king,Animated musical for children vs four-hour Shakespeare tragedy,proposed
N08,no_match,The Parent Trap,1998,movie,Dead Ringers,1988,movie,Identical twins swap places,Family comedy vs body horror,proposed
N09,no_match,Scooby-Doo,2002,movie,Se7en,1995,movie,Investigators unravel a string of sinister events,Slapstick kids' mystery vs grim serial-killer thriller,proposed
N10,no_match,Zootopia,2016,movie,Chinatown,1974,movie,An outsider investigator uncovers a city-wide conspiracy,Bright family animation vs dark adult noir,proposed
N11,no_match,The Lego Movie,2014,movie,Nineteen Eighty-Four,1984,movie,An ordinary worker in a conformist controlled world rebels,Comic family animation vs bleak dystopian drama,proposed
N12,no_match,Chicken Run,2000,movie,The Great Escape,1963,movie,Prisoners plan a mass escape from a camp,Claymation comedy vs Second World War drama,proposed
N13,no_match,Palm Springs,2020,movie,Triangle,2009,movie,A character relives the same stretch of time again and again,Romantic comedy vs psychological horror (same time-loop tag),proposed
N14,no_match,Despicable Me,2010,movie,Heat,1995,movie,A crew plans and pulls off an elaborate theft,Kids' comedy vs gritty crime epic (same heist tag),proposed
N15,no_match,Lilo & Stitch,2002,movie,Shoplifters,2018,movie,Outsiders form a family that isn't related by blood,Disney comedy vs Japanese social drama about poverty (same found-family tag),proposed
N16,no_match,Kung Fu Panda,2008,movie,Million Dollar Baby,2004,movie,An unlikely fighter is trained by a reluctant master,Family comedy vs tragic boxing drama,proposed
N17,no_match,Spirited Away,2001,movie,Midsommar,2019,movie,A young woman is trapped in a strange community with bizarre rituals,Animated fantasy vs folk horror,proposed
N18,no_match,Brooklyn Nine-Nine,2013,tv_series,The Wire,2002,tv_series,An ensemble of police officers works cases in one city,Workplace sitcom vs bleak crime drama (interview mentions both),proposed
N19,no_match,Spy × Family,2022,tv_series,The Americans,2013,tv_series,Spies pose as an ordinary family,Comic anime vs tense adult spy drama,proposed
N20,no_match,Sex Education,2019,tv_series,13 Reasons Why,2017,tv_series,Teenagers navigate secrets at school,Warm comedy vs drama about suicide,proposed
M01,match,Taken,2008,movie,Man on Fire,2004,movie,A hardened protector hunts the kidnappers of a girl,Both violent revenge-rescue thrillers,proposed
M02,match,Groundhog Day,1993,movie,Palm Springs,2020,movie,A man stuck in a time loop changes for the better,Both romantic comedies built on a time loop,proposed
M03,match,Edge of Tomorrow,2014,movie,Source Code,2011,movie,A soldier relives the same mission until he gets it right,Both sci-fi action time-loop thrillers,proposed
M04,match,Breaking Bad,2008,tv_series,Ozark,2017,tv_series,An ordinary family man sinks into the drug-money world,Both tense crime dramas about moral descent,proposed
M05,match,The Sopranos,1999,tv_series,Boardwalk Empire,2010,tv_series,A crime boss balances family and a criminal empire,Both prestige mob dramas,proposed
M06,match,Brooklyn Nine-Nine,2013,tv_series,Parks and Recreation,2009,tv_series,A quirky workplace ensemble becomes a family,Both warm single-camera workplace sitcoms (interview example),proposed
M07,match,Drishyam,2013,movie,Papanasam,2015,movie,A father hides his family's crime from the police,Same story remade in Tamil (interview: Malayalam thriller in Tamil); sanity check,proposed
M08,match,Anbe Sivam,2003,movie,"Planes, Trains and Automobiles",1987,movie,Mismatched strangers stranded together on a long journey home,Both warm comedy-dramas; Anbe Sivam draws on it,proposed
M09,match,Tehran,2020,tv_series,Homeland,2011,tv_series,An agent works undercover against Iran-linked threats,Both tense spy thrillers (interview example),proposed
M10,match,Se7en,1995,movie,Memories of Murder,2003,movie,Detectives hunt an elusive serial killer,Both bleak serial-killer procedurals,proposed
M11,match,Ocean's Eleven,2001,movie,The Sting,1973,movie,A charming crew runs an elaborate con on a powerful mark,Both playful caper films,proposed
M12,match,Toy Story,1995,movie,The Secret Life of Pets,2016,movie,Rival toys or pets get lost and must work together to get home,Both family animated comedies,proposed
M13,match,The Wizard of Oz,1939,movie,Spirited Away,2001,movie,A girl trapped in a magical world finds her way home,Both family fantasies,proposed
M14,match,The Truman Show,1998,movie,Pleasantville,1998,movie,A man discovers his world is an artificial construct,Both gentle satirical fables,proposed
M15,match,Rocky,1976,movie,Dangal,2016,movie,An underdog trains for a championship fight,Both uplifting sports dramas,proposed
M16,match,Parasite,2019,movie,The Housemaid,2010,movie,Poor outsiders infiltrate a rich household,Both Korean class thrillers,proposed
M17,match,Fight Club,1999,movie,Mr. Robot,2015,tv_series,An alienated narrator joins an anti-corporate underground,Both paranoid psychological thrillers,proposed
M18,match,Stranger Things,2016,tv_series,Super 8,2011,movie,A group of kids faces a monster in a small town,Both nostalgic kid-adventure sci-fi,proposed
M19,match,Death Note,2006,tv_series,Code Geass,2006,tv_series,A genius gains a supernatural power and wages a secret war,Both dark cat-and-mouse anime,proposed
M20,match,Ted Lasso,2020,tv_series,Shrinking,2023,tv_series,A kind but grieving man helps the people around him heal,Both warm comedies about grief (interview example),proposed
M21,match,Kumbalangi Nights,2019,movie,Little Miss Sunshine,2006,movie,A dysfunctional family finds its way back to each other,Both warm tragicomedies,proposed
M22,match,Lilo & Stitch,2002,movie,E.T. the Extra-Terrestrial,1982,movie,A lonely child befriends and hides an alien,Both family science-fiction adventures,proposed
